onnx/TinyImageNet_resnet_medium.onnx,vnnlib/TinyImageNet_resnet_medium_prop_idx_8342_sidx_4885_eps_0.0039.vnnlib,100
onnx/TinyImageNet_resnet_medium.onnx,vnnlib/TinyImageNet_resnet_medium_prop_idx_9050_sidx_1152_eps_0.0039.vnnlib,100
onnx/TinyImageNet_resnet_medium.onnx,vnnlib/TinyImageNet_resnet_medium_prop_idx_6686_sidx_3180_eps_0.0039.vnnlib,100
onnx/TinyImageNet_resnet_medium.onnx,vnnlib/TinyImageNet_resnet_medium_prop_idx_762_sidx_4897_eps_0.0039.vnnlib,100
onnx/TinyImageNet_resnet_medium.onnx,vnnlib/TinyImageNet_resnet_medium_prop_idx_1667_sidx_5078_eps_0.0039.vnnlib,100
onnx/TinyImageNet_resnet_medium.onnx,vnnlib/TinyImageNet_resnet_medium_prop_idx_9935_sidx_75_eps_0.0039.vnnlib,100
onnx/TinyImageNet_resnet_medium.onnx,vnnlib/TinyImageNet_resnet_medium_prop_idx_8475_sidx_4462_eps_0.0039.vnnlib,100
onnx/TinyImageNet_resnet_medium.onnx,vnnlib/TinyImageNet_resnet_medium_prop_idx_723_sidx_7730_eps_0.0039.vnnlib,100
onnx/TinyImageNet_resnet_medium.onnx,vnnlib/TinyImageNet_resnet_medium_prop_idx_3113_sidx_9370_eps_0.0039.vnnlib,100
onnx/TinyImageNet_resnet_medium.onnx,vnnlib/TinyImageNet_resnet_medium_prop_idx_4221_sidx_6573_eps_0.0039.vnnlib,100
onnx/TinyImageNet_resnet_medium.onnx,vnnlib/TinyImageNet_resnet_medium_prop_idx_4592_sidx_7177_eps_0.0039.vnnlib,100
onnx/TinyImageNet_resnet_medium.onnx,vnnlib/TinyImageNet_resnet_medium_prop_idx_4389_sidx_7059_eps_0.0039.vnnlib,100
onnx/TinyImageNet_resnet_medium.onnx,vnnlib/TinyImageNet_resnet_medium_prop_idx_3373_sidx_5926_eps_0.0039.vnnlib,100
onnx/TinyImageNet_resnet_medium.onnx,vnnlib/TinyImageNet_resnet_medium_prop_idx_4409_sidx_8244_eps_0.0039.vnnlib,100
onnx/TinyImageNet_resnet_medium.onnx,vnnlib/TinyImageNet_resnet_medium_prop_idx_404_sidx_7302_eps_0.0039.vnnlib,100
onnx/TinyImageNet_resnet_medium.onnx,vnnlib/TinyImageNet_resnet_medium_prop_idx_782_sidx_6135_eps_0.0039.vnnlib,100
onnx/TinyImageNet_resnet_medium.onnx,vnnlib/TinyImageNet_resnet_medium_prop_idx_7683_sidx_158_eps_0.0039.vnnlib,100
onnx/TinyImageNet_resnet_medium.onnx,vnnlib/TinyImageNet_resnet_medium_prop_idx_8176_sidx_2705_eps_0.0039.vnnlib,100
onnx/TinyImageNet_resnet_medium.onnx,vnnlib/TinyImageNet_resnet_medium_prop_idx_8341_sidx_1823_eps_0.0039.vnnlib,100
onnx/TinyImageNet_resnet_medium.onnx,vnnlib/TinyImageNet_resnet_medium_prop_idx_282_sidx_5791_eps_0.0039.vnnlib,100
onnx/TinyImageNet_resnet_medium.onnx,vnnlib/TinyImageNet_resnet_medium_prop_idx_2124_sidx_4098_eps_0.0039.vnnlib,100
onnx/TinyImageNet_resnet_medium.onnx,vnnlib/TinyImageNet_resnet_medium_prop_idx_3139_sidx_2973_eps_0.0039.vnnlib,100
onnx/TinyImageNet_resnet_medium.onnx,vnnlib/TinyImageNet_resnet_medium_prop_idx_6757_sidx_2400_eps_0.0039.vnnlib,100
onnx/TinyImageNet_resnet_medium.onnx,vnnlib/TinyImageNet_resnet_medium_prop_idx_8623_sidx_6019_eps_0.0039.vnnlib,100
onnx/TinyImageNet_resnet_medium.onnx,vnnlib/TinyImageNet_resnet_medium_prop_idx_6772_sidx_9707_eps_0.0039.vnnlib,100
onnx/TinyImageNet_resnet_medium.onnx,vnnlib/TinyImageNet_resnet_medium_prop_idx_2862_sidx_7818_eps_0.0039.vnnlib,100
onnx/TinyImageNet_resnet_medium.onnx,vnnlib/TinyImageNet_resnet_medium_prop_idx_1733_sidx_5415_eps_0.0039.vnnlib,100
onnx/TinyImageNet_resnet_medium.onnx,vnnlib/TinyImageNet_resnet_medium_prop_idx_1435_sidx_655_eps_0.0039.vnnlib,100
onnx/TinyImageNet_resnet_medium.onnx,vnnlib/TinyImageNet_resnet_medium_prop_idx_3278_sidx_4263_eps_0.0039.vnnlib,100
onnx/TinyImageNet_resnet_medium.onnx,vnnlib/TinyImageNet_resnet_medium_prop_idx_8680_sidx_7647_eps_0.0039.vnnlib,100
onnx/TinyImageNet_resnet_medium.onnx,vnnlib/TinyImageNet_resnet_medium_prop_idx_3004_sidx_6549_eps_0.0039.vnnlib,100
onnx/TinyImageNet_resnet_medium.onnx,vnnlib/TinyImageNet_resnet_medium_prop_idx_4526_sidx_9254_eps_0.0039.vnnlib,100
onnx/TinyImageNet_resnet_medium.onnx,vnnlib/TinyImageNet_resnet_medium_prop_idx_3228_sidx_9723_eps_0.0039.vnnlib,100
onnx/TinyImageNet_resnet_medium.onnx,vnnlib/TinyImageNet_resnet_medium_prop_idx_8918_sidx_9612_eps_0.0039.vnnlib,100
onnx/TinyImageNet_resnet_medium.onnx,vnnlib/TinyImageNet_resnet_medium_prop_idx_4668_sidx_7285_eps_0.0039.vnnlib,100
onnx/TinyImageNet_resnet_medium.onnx,vnnlib/TinyImageNet_resnet_medium_prop_idx_4431_sidx_3429_eps_0.0039.vnnlib,100
onnx/TinyImageNet_resnet_medium.onnx,vnnlib/TinyImageNet_resnet_medium_prop_idx_2416_sidx_2505_eps_0.0039.vnnlib,100
onnx/TinyImageNet_resnet_medium.onnx,vnnlib/TinyImageNet_resnet_medium_prop_idx_2678_sidx_799_eps_0.0039.vnnlib,100
onnx/TinyImageNet_resnet_medium.onnx,vnnlib/TinyImageNet_resnet_medium_prop_idx_9611_sidx_7725_eps_0.0039.vnnlib,100
onnx/TinyImageNet_resnet_medium.onnx,vnnlib/TinyImageNet_resnet_medium_prop_idx_8063_sidx_4619_eps_0.0039.vnnlib,100
onnx/TinyImageNet_resnet_medium.onnx,vnnlib/TinyImageNet_resnet_medium_prop_idx_4944_sidx_932_eps_0.0039.vnnlib,100
onnx/TinyImageNet_resnet_medium.onnx,vnnlib/TinyImageNet_resnet_medium_prop_idx_378_sidx_1732_eps_0.0039.vnnlib,100
onnx/TinyImageNet_resnet_medium.onnx,vnnlib/TinyImageNet_resnet_medium_prop_idx_4057_sidx_8514_eps_0.0039.vnnlib,100
onnx/TinyImageNet_resnet_medium.onnx,vnnlib/TinyImageNet_resnet_medium_prop_idx_3834_sidx_8866_eps_0.0039.vnnlib,100
onnx/TinyImageNet_resnet_medium.onnx,vnnlib/TinyImageNet_resnet_medium_prop_idx_9542_sidx_2775_eps_0.0039.vnnlib,100
onnx/TinyImageNet_resnet_medium.onnx,vnnlib/TinyImageNet_resnet_medium_prop_idx_395_sidx_9559_eps_0.0039.vnnlib,100
onnx/TinyImageNet_resnet_medium.onnx,vnnlib/TinyImageNet_resnet_medium_prop_idx_1576_sidx_5968_eps_0.0039.vnnlib,100
onnx/TinyImageNet_resnet_medium.onnx,vnnlib/TinyImageNet_resnet_medium_prop_idx_3754_sidx_2390_eps_0.0039.vnnlib,100
onnx/TinyImageNet_resnet_medium.onnx,vnnlib/TinyImageNet_resnet_medium_prop_idx_5057_sidx_3849_eps_0.0039.vnnlib,100
onnx/TinyImageNet_resnet_medium.onnx,vnnlib/TinyImageNet_resnet_medium_prop_idx_7109_sidx_4074_eps_0.0039.vnnlib,100
onnx/TinyImageNet_resnet_medium.onnx,vnnlib/TinyImageNet_resnet_medium_prop_idx_3852_sidx_2848_eps_0.0039.vnnlib,100
onnx/TinyImageNet_resnet_medium.onnx,vnnlib/TinyImageNet_resnet_medium_prop_idx_8003_sidx_5044_eps_0.0039.vnnlib,100
onnx/TinyImageNet_resnet_medium.onnx,vnnlib/TinyImageNet_resnet_medium_prop_idx_8282_sidx_5961_eps_0.0039.vnnlib,100
onnx/TinyImageNet_resnet_medium.onnx,vnnlib/TinyImageNet_resnet_medium_prop_idx_1728_sidx_3229_eps_0.0039.vnnlib,100
onnx/TinyImageNet_resnet_medium.onnx,vnnlib/TinyImageNet_resnet_medium_prop_idx_9462_sidx_2991_eps_0.0039.vnnlib,100
onnx/TinyImageNet_resnet_medium.onnx,vnnlib/TinyImageNet_resnet_medium_prop_idx_9229_sidx_7670_eps_0.0039.vnnlib,100
onnx/TinyImageNet_resnet_medium.onnx,vnnlib/TinyImageNet_resnet_medium_prop_idx_6333_sidx_5894_eps_0.0039.vnnlib,100
onnx/TinyImageNet_resnet_medium.onnx,vnnlib/TinyImageNet_resnet_medium_prop_idx_6353_sidx_6853_eps_0.0039.vnnlib,100
onnx/TinyImageNet_resnet_medium.onnx,vnnlib/TinyImageNet_resnet_medium_prop_idx_6877_sidx_5497_eps_0.0039.vnnlib,100
onnx/TinyImageNet_resnet_medium.onnx,vnnlib/TinyImageNet_resnet_medium_prop_idx_327_sidx_2412_eps_0.0039.vnnlib,100
onnx/TinyImageNet_resnet_medium.onnx,vnnlib/TinyImageNet_resnet_medium_prop_idx_2740_sidx_1476_eps_0.0039.vnnlib,100
onnx/TinyImageNet_resnet_medium.onnx,vnnlib/TinyImageNet_resnet_medium_prop_idx_9687_sidx_984_eps_0.0039.vnnlib,100
onnx/TinyImageNet_resnet_medium.onnx,vnnlib/TinyImageNet_resnet_medium_prop_idx_7901_sidx_8370_eps_0.0039.vnnlib,100
onnx/TinyImageNet_resnet_medium.onnx,vnnlib/TinyImageNet_resnet_medium_prop_idx_9376_sidx_6124_eps_0.0039.vnnlib,100
onnx/TinyImageNet_resnet_medium.onnx,vnnlib/TinyImageNet_resnet_medium_prop_idx_5806_sidx_9879_eps_0.0039.vnnlib,100
onnx/TinyImageNet_resnet_medium.onnx,vnnlib/TinyImageNet_resnet_medium_prop_idx_9504_sidx_1929_eps_0.0039.vnnlib,100
onnx/TinyImageNet_resnet_medium.onnx,vnnlib/TinyImageNet_resnet_medium_prop_idx_8571_sidx_8275_eps_0.0039.vnnlib,100
onnx/TinyImageNet_resnet_medium.onnx,vnnlib/TinyImageNet_resnet_medium_prop_idx_852_sidx_835_eps_0.0039.vnnlib,100
onnx/TinyImageNet_resnet_medium.onnx,vnnlib/TinyImageNet_resnet_medium_prop_idx_1826_sidx_7326_eps_0.0039.vnnlib,100
onnx/TinyImageNet_resnet_medium.onnx,vnnlib/TinyImageNet_resnet_medium_prop_idx_6623_sidx_4316_eps_0.0039.vnnlib,100
onnx/TinyImageNet_resnet_medium.onnx,vnnlib/TinyImageNet_resnet_medium_prop_idx_5767_sidx_3110_eps_0.0039.vnnlib,100
onnx/TinyImageNet_resnet_medium.onnx,vnnlib/TinyImageNet_resnet_medium_prop_idx_8651_sidx_6574_eps_0.0039.vnnlib,100
onnx/TinyImageNet_resnet_medium.onnx,vnnlib/TinyImageNet_resnet_medium_prop_idx_5731_sidx_8271_eps_0.0039.vnnlib,100
onnx/TinyImageNet_resnet_medium.onnx,vnnlib/TinyImageNet_resnet_medium_prop_idx_1933_sidx_9361_eps_0.0039.vnnlib,100
onnx/TinyImageNet_resnet_medium.onnx,vnnlib/TinyImageNet_resnet_medium_prop_idx_7074_sidx_2937_eps_0.0039.vnnlib,100
onnx/TinyImageNet_resnet_medium.onnx,vnnlib/TinyImageNet_resnet_medium_prop_idx_7525_sidx_3725_eps_0.0039.vnnlib,100
onnx/TinyImageNet_resnet_medium.onnx,vnnlib/TinyImageNet_resnet_medium_prop_idx_1037_sidx_7307_eps_0.0039.vnnlib,100
onnx/TinyImageNet_resnet_medium.onnx,vnnlib/TinyImageNet_resnet_medium_prop_idx_4599_sidx_738_eps_0.0039.vnnlib,100
onnx/TinyImageNet_resnet_medium.onnx,vnnlib/TinyImageNet_resnet_medium_prop_idx_8852_sidx_1630_eps_0.0039.vnnlib,100
onnx/TinyImageNet_resnet_medium.onnx,vnnlib/TinyImageNet_resnet_medium_prop_idx_2067_sidx_3876_eps_0.0039.vnnlib,100
onnx/TinyImageNet_resnet_medium.onnx,vnnlib/TinyImageNet_resnet_medium_prop_idx_6098_sidx_7270_eps_0.0039.vnnlib,100
onnx/TinyImageNet_resnet_medium.onnx,vnnlib/TinyImageNet_resnet_medium_prop_idx_2820_sidx_1334_eps_0.0039.vnnlib,100
onnx/TinyImageNet_resnet_medium.onnx,vnnlib/TinyImageNet_resnet_medium_prop_idx_8500_sidx_5867_eps_0.0039.vnnlib,100
onnx/TinyImageNet_resnet_medium.onnx,vnnlib/TinyImageNet_resnet_medium_prop_idx_4434_sidx_5178_eps_0.0039.vnnlib,100
onnx/TinyImageNet_resnet_medium.onnx,vnnlib/TinyImageNet_resnet_medium_prop_idx_9396_sidx_3885_eps_0.0039.vnnlib,100
onnx/TinyImageNet_resnet_medium.onnx,vnnlib/TinyImageNet_resnet_medium_prop_idx_4547_sidx_8222_eps_0.0039.vnnlib,100
onnx/TinyImageNet_resnet_medium.onnx,vnnlib/TinyImageNet_resnet_medium_prop_idx_5077_sidx_7354_eps_0.0039.vnnlib,100
onnx/TinyImageNet_resnet_medium.onnx,vnnlib/TinyImageNet_resnet_medium_prop_idx_7225_sidx_2278_eps_0.0039.vnnlib,100
onnx/TinyImageNet_resnet_medium.onnx,vnnlib/TinyImageNet_resnet_medium_prop_idx_2184_sidx_9679_eps_0.0039.vnnlib,100
onnx/TinyImageNet_resnet_medium.onnx,vnnlib/TinyImageNet_resnet_medium_prop_idx_4109_sidx_3134_eps_0.0039.vnnlib,100
onnx/TinyImageNet_resnet_medium.onnx,vnnlib/TinyImageNet_resnet_medium_prop_idx_9649_sidx_6653_eps_0.0039.vnnlib,100
onnx/TinyImageNet_resnet_medium.onnx,vnnlib/TinyImageNet_resnet_medium_prop_idx_4513_sidx_5588_eps_0.0039.vnnlib,100
onnx/TinyImageNet_resnet_medium.onnx,vnnlib/TinyImageNet_resnet_medium_prop_idx_4880_sidx_5810_eps_0.0039.vnnlib,100
onnx/TinyImageNet_resnet_medium.onnx,vnnlib/TinyImageNet_resnet_medium_prop_idx_5560_sidx_5477_eps_0.0039.vnnlib,100
onnx/TinyImageNet_resnet_medium.onnx,vnnlib/TinyImageNet_resnet_medium_prop_idx_3307_sidx_2634_eps_0.0039.vnnlib,100
onnx/TinyImageNet_resnet_medium.onnx,vnnlib/TinyImageNet_resnet_medium_prop_idx_9728_sidx_267_eps_0.0039.vnnlib,100
onnx/TinyImageNet_resnet_medium.onnx,vnnlib/TinyImageNet_resnet_medium_prop_idx_1861_sidx_7975_eps_0.0039.vnnlib,100
onnx/TinyImageNet_resnet_medium.onnx,vnnlib/TinyImageNet_resnet_medium_prop_idx_7318_sidx_1829_eps_0.0039.vnnlib,100
onnx/TinyImageNet_resnet_medium.onnx,vnnlib/TinyImageNet_resnet_medium_prop_idx_3243_sidx_5299_eps_0.0039.vnnlib,100
onnx/TinyImageNet_resnet_medium.onnx,vnnlib/TinyImageNet_resnet_medium_prop_idx_4789_sidx_8239_eps_0.0039.vnnlib,100
onnx/TinyImageNet_resnet_medium.onnx,vnnlib/TinyImageNet_resnet_medium_prop_idx_5743_sidx_6569_eps_0.0039.vnnlib,100
onnx/TinyImageNet_resnet_medium.onnx,vnnlib/TinyImageNet_resnet_medium_prop_idx_3224_sidx_7838_eps_0.0039.vnnlib,100
onnx/TinyImageNet_resnet_medium.onnx,vnnlib/TinyImageNet_resnet_medium_prop_idx_5158_sidx_5118_eps_0.0039.vnnlib,100
onnx/TinyImageNet_resnet_medium.onnx,vnnlib/TinyImageNet_resnet_medium_prop_idx_2702_sidx_695_eps_0.0039.vnnlib,100
onnx/TinyImageNet_resnet_medium.onnx,vnnlib/TinyImageNet_resnet_medium_prop_idx_1238_sidx_362_eps_0.0039.vnnlib,100
onnx/TinyImageNet_resnet_medium.onnx,vnnlib/TinyImageNet_resnet_medium_prop_idx_7064_sidx_7634_eps_0.0039.vnnlib,100
onnx/TinyImageNet_resnet_medium.onnx,vnnlib/TinyImageNet_resnet_medium_prop_idx_736_sidx_8938_eps_0.0039.vnnlib,100
onnx/TinyImageNet_resnet_medium.onnx,vnnlib/TinyImageNet_resnet_medium_prop_idx_2132_sidx_6868_eps_0.0039.vnnlib,100
onnx/TinyImageNet_resnet_medium.onnx,vnnlib/TinyImageNet_resnet_medium_prop_idx_9417_sidx_5438_eps_0.0039.vnnlib,100
onnx/TinyImageNet_resnet_medium.onnx,vnnlib/TinyImageNet_resnet_medium_prop_idx_1093_sidx_4490_eps_0.0039.vnnlib,100
onnx/TinyImageNet_resnet_medium.onnx,vnnlib/TinyImageNet_resnet_medium_prop_idx_1637_sidx_1879_eps_0.0039.vnnlib,100
onnx/TinyImageNet_resnet_medium.onnx,vnnlib/TinyImageNet_resnet_medium_prop_idx_3764_sidx_541_eps_0.0039.vnnlib,100
onnx/TinyImageNet_resnet_medium.onnx,vnnlib/TinyImageNet_resnet_medium_prop_idx_4919_sidx_8612_eps_0.0039.vnnlib,100
onnx/TinyImageNet_resnet_medium.onnx,vnnlib/TinyImageNet_resnet_medium_prop_idx_4776_sidx_19_eps_0.0039.vnnlib,100
onnx/TinyImageNet_resnet_medium.onnx,vnnlib/TinyImageNet_resnet_medium_prop_idx_6791_sidx_4442_eps_0.0039.vnnlib,100
onnx/TinyImageNet_resnet_medium.onnx,vnnlib/TinyImageNet_resnet_medium_prop_idx_1285_sidx_7564_eps_0.0039.vnnlib,100
onnx/TinyImageNet_resnet_medium.onnx,vnnlib/TinyImageNet_resnet_medium_prop_idx_7851_sidx_4169_eps_0.0039.vnnlib,100
onnx/TinyImageNet_resnet_medium.onnx,vnnlib/TinyImageNet_resnet_medium_prop_idx_2146_sidx_298_eps_0.0039.vnnlib,100
onnx/TinyImageNet_resnet_medium.onnx,vnnlib/TinyImageNet_resnet_medium_prop_idx_9345_sidx_6696_eps_0.0039.vnnlib,100
onnx/TinyImageNet_resnet_medium.onnx,vnnlib/TinyImageNet_resnet_medium_prop_idx_3891_sidx_62_eps_0.0039.vnnlib,100
onnx/TinyImageNet_resnet_medium.onnx,vnnlib/TinyImageNet_resnet_medium_prop_idx_3448_sidx_1601_eps_0.0039.vnnlib,100
onnx/TinyImageNet_resnet_medium.onnx,vnnlib/TinyImageNet_resnet_medium_prop_idx_3725_sidx_4714_eps_0.0039.vnnlib,100
onnx/TinyImageNet_resnet_medium.onnx,vnnlib/TinyImageNet_resnet_medium_prop_idx_9828_sidx_2643_eps_0.0039.vnnlib,100
onnx/TinyImageNet_resnet_medium.onnx,vnnlib/TinyImageNet_resnet_medium_prop_idx_288_sidx_5531_eps_0.0039.vnnlib,100
onnx/TinyImageNet_resnet_medium.onnx,vnnlib/TinyImageNet_resnet_medium_prop_idx_1145_sidx_3117_eps_0.0039.vnnlib,100
onnx/TinyImageNet_resnet_medium.onnx,vnnlib/TinyImageNet_resnet_medium_prop_idx_6193_sidx_6911_eps_0.0039.vnnlib,100
onnx/TinyImageNet_resnet_medium.onnx,vnnlib/TinyImageNet_resnet_medium_prop_idx_6014_sidx_2164_eps_0.0039.vnnlib,100
onnx/TinyImageNet_resnet_medium.onnx,vnnlib/TinyImageNet_resnet_medium_prop_idx_1696_sidx_87_eps_0.0039.vnnlib,100
onnx/TinyImageNet_resnet_medium.onnx,vnnlib/TinyImageNet_resnet_medium_prop_idx_8555_sidx_8009_eps_0.0039.vnnlib,100
onnx/TinyImageNet_resnet_medium.onnx,vnnlib/TinyImageNet_resnet_medium_prop_idx_3126_sidx_8436_eps_0.0039.vnnlib,100
onnx/TinyImageNet_resnet_medium.onnx,vnnlib/TinyImageNet_resnet_medium_prop_idx_9018_sidx_2253_eps_0.0039.vnnlib,100
onnx/TinyImageNet_resnet_medium.onnx,vnnlib/TinyImageNet_resnet_medium_prop_idx_9762_sidx_9367_eps_0.0039.vnnlib,100
onnx/TinyImageNet_resnet_medium.onnx,vnnlib/TinyImageNet_resnet_medium_prop_idx_3197_sidx_238_eps_0.0039.vnnlib,100
onnx/TinyImageNet_resnet_medium.onnx,vnnlib/TinyImageNet_resnet_medium_prop_idx_6077_sidx_9485_eps_0.0039.vnnlib,100
onnx/TinyImageNet_resnet_medium.onnx,vnnlib/TinyImageNet_resnet_medium_prop_idx_8436_sidx_1112_eps_0.0039.vnnlib,100
onnx/TinyImageNet_resnet_medium.onnx,vnnlib/TinyImageNet_resnet_medium_prop_idx_5414_sidx_1938_eps_0.0039.vnnlib,100
onnx/TinyImageNet_resnet_medium.onnx,vnnlib/TinyImageNet_resnet_medium_prop_idx_9996_sidx_8873_eps_0.0039.vnnlib,100
onnx/TinyImageNet_resnet_medium.onnx,vnnlib/TinyImageNet_resnet_medium_prop_idx_601_sidx_4464_eps_0.0039.vnnlib,100
onnx/TinyImageNet_resnet_medium.onnx,vnnlib/TinyImageNet_resnet_medium_prop_idx_147_sidx_1360_eps_0.0039.vnnlib,100
onnx/TinyImageNet_resnet_medium.onnx,vnnlib/TinyImageNet_resnet_medium_prop_idx_3639_sidx_1515_eps_0.0039.vnnlib,100
onnx/TinyImageNet_resnet_medium.onnx,vnnlib/TinyImageNet_resnet_medium_prop_idx_1695_sidx_1736_eps_0.0039.vnnlib,100
onnx/TinyImageNet_resnet_medium.onnx,vnnlib/TinyImageNet_resnet_medium_prop_idx_3920_sidx_964_eps_0.0039.vnnlib,100
onnx/TinyImageNet_resnet_medium.onnx,vnnlib/TinyImageNet_resnet_medium_prop_idx_4361_sidx_106_eps_0.0039.vnnlib,100
onnx/TinyImageNet_resnet_medium.onnx,vnnlib/TinyImageNet_resnet_medium_prop_idx_7365_sidx_3284_eps_0.0039.vnnlib,100
onnx/TinyImageNet_resnet_medium.onnx,vnnlib/TinyImageNet_resnet_medium_prop_idx_9779_sidx_1684_eps_0.0039.vnnlib,100
onnx/TinyImageNet_resnet_medium.onnx,vnnlib/TinyImageNet_resnet_medium_prop_idx_5652_sidx_8781_eps_0.0039.vnnlib,100
onnx/TinyImageNet_resnet_medium.onnx,vnnlib/TinyImageNet_resnet_medium_prop_idx_6230_sidx_8544_eps_0.0039.vnnlib,100
onnx/TinyImageNet_resnet_medium.onnx,vnnlib/TinyImageNet_resnet_medium_prop_idx_2301_sidx_9400_eps_0.0039.vnnlib,100
onnx/TinyImageNet_resnet_medium.onnx,vnnlib/TinyImageNet_resnet_medium_prop_idx_6004_sidx_866_eps_0.0039.vnnlib,100
onnx/TinyImageNet_resnet_medium.onnx,vnnlib/TinyImageNet_resnet_medium_prop_idx_5533_sidx_6208_eps_0.0039.vnnlib,100
onnx/TinyImageNet_resnet_medium.onnx,vnnlib/TinyImageNet_resnet_medium_prop_idx_8343_sidx_2454_eps_0.0039.vnnlib,100
onnx/TinyImageNet_resnet_medium.onnx,vnnlib/TinyImageNet_resnet_medium_prop_idx_9068_sidx_5207_eps_0.0039.vnnlib,100
onnx/TinyImageNet_resnet_medium.onnx,vnnlib/TinyImageNet_resnet_medium_prop_idx_7764_sidx_254_eps_0.0039.vnnlib,100
onnx/TinyImageNet_resnet_medium.onnx,vnnlib/TinyImageNet_resnet_medium_prop_idx_7009_sidx_2955_eps_0.0039.vnnlib,100
onnx/TinyImageNet_resnet_medium.onnx,vnnlib/TinyImageNet_resnet_medium_prop_idx_1262_sidx_7311_eps_0.0039.vnnlib,100
onnx/TinyImageNet_resnet_medium.onnx,vnnlib/TinyImageNet_resnet_medium_prop_idx_6356_sidx_8443_eps_0.0039.vnnlib,100
onnx/TinyImageNet_resnet_medium.onnx,vnnlib/TinyImageNet_resnet_medium_prop_idx_5922_sidx_1989_eps_0.0039.vnnlib,100
onnx/TinyImageNet_resnet_medium.onnx,vnnlib/TinyImageNet_resnet_medium_prop_idx_4024_sidx_4810_eps_0.0039.vnnlib,100
onnx/TinyImageNet_resnet_medium.onnx,vnnlib/TinyImageNet_resnet_medium_prop_idx_4366_sidx_4842_eps_0.0039.vnnlib,100
onnx/TinyImageNet_resnet_medium.onnx,vnnlib/TinyImageNet_resnet_medium_prop_idx_8257_sidx_5574_eps_0.0039.vnnlib,100
onnx/TinyImageNet_resnet_medium.onnx,vnnlib/TinyImageNet_resnet_medium_prop_idx_4435_sidx_3452_eps_0.0039.vnnlib,100
onnx/TinyImageNet_resnet_medium.onnx,vnnlib/TinyImageNet_resnet_medium_prop_idx_1651_sidx_3548_eps_0.0039.vnnlib,100
onnx/TinyImageNet_resnet_medium.onnx,vnnlib/TinyImageNet_resnet_medium_prop_idx_2261_sidx_3262_eps_0.0039.vnnlib,100
onnx/TinyImageNet_resnet_medium.onnx,vnnlib/TinyImageNet_resnet_medium_prop_idx_8795_sidx_149_eps_0.0039.vnnlib,100
onnx/TinyImageNet_resnet_medium.onnx,vnnlib/TinyImageNet_resnet_medium_prop_idx_7762_sidx_3616_eps_0.0039.vnnlib,100
onnx/TinyImageNet_resnet_medium.onnx,vnnlib/TinyImageNet_resnet_medium_prop_idx_1864_sidx_887_eps_0.0039.vnnlib,100
onnx/TinyImageNet_resnet_medium.onnx,vnnlib/TinyImageNet_resnet_medium_prop_idx_8698_sidx_4012_eps_0.0039.vnnlib,100
onnx/TinyImageNet_resnet_medium.onnx,vnnlib/TinyImageNet_resnet_medium_prop_idx_9871_sidx_3794_eps_0.0039.vnnlib,100
onnx/TinyImageNet_resnet_medium.onnx,vnnlib/TinyImageNet_resnet_medium_prop_idx_3882_sidx_6592_eps_0.0039.vnnlib,100
onnx/TinyImageNet_resnet_medium.onnx,vnnlib/TinyImageNet_resnet_medium_prop_idx_4087_sidx_6984_eps_0.0039.vnnlib,100
onnx/TinyImageNet_resnet_medium.onnx,vnnlib/TinyImageNet_resnet_medium_prop_idx_1043_sidx_7608_eps_0.0039.vnnlib,100
onnx/TinyImageNet_resnet_medium.onnx,vnnlib/TinyImageNet_resnet_medium_prop_idx_5234_sidx_7711_eps_0.0039.vnnlib,100
onnx/TinyImageNet_resnet_medium.onnx,vnnlib/TinyImageNet_resnet_medium_prop_idx_1777_sidx_439_eps_0.0039.vnnlib,100
onnx/TinyImageNet_resnet_medium.onnx,vnnlib/TinyImageNet_resnet_medium_prop_idx_9159_sidx_4715_eps_0.0039.vnnlib,100
onnx/TinyImageNet_resnet_medium.onnx,vnnlib/TinyImageNet_resnet_medium_prop_idx_7374_sidx_1297_eps_0.0039.vnnlib,100
onnx/TinyImageNet_resnet_medium.onnx,vnnlib/TinyImageNet_resnet_medium_prop_idx_6923_sidx_8593_eps_0.0039.vnnlib,100
onnx/TinyImageNet_resnet_medium.onnx,vnnlib/TinyImageNet_resnet_medium_prop_idx_2159_sidx_9504_eps_0.0039.vnnlib,100
onnx/TinyImageNet_resnet_medium.onnx,vnnlib/TinyImageNet_resnet_medium_prop_idx_9419_sidx_9984_eps_0.0039.vnnlib,100
onnx/TinyImageNet_resnet_medium.onnx,vnnlib/TinyImageNet_resnet_medium_prop_idx_5915_sidx_6340_eps_0.0039.vnnlib,100
onnx/TinyImageNet_resnet_medium.onnx,vnnlib/TinyImageNet_resnet_medium_prop_idx_5442_sidx_6087_eps_0.0039.vnnlib,100
onnx/TinyImageNet_resnet_medium.onnx,vnnlib/TinyImageNet_resnet_medium_prop_idx_8479_sidx_882_eps_0.0039.vnnlib,100
onnx/TinyImageNet_resnet_medium.onnx,vnnlib/TinyImageNet_resnet_medium_prop_idx_7193_sidx_3486_eps_0.0039.vnnlib,100
onnx/TinyImageNet_resnet_medium.onnx,vnnlib/TinyImageNet_resnet_medium_prop_idx_3261_sidx_1843_eps_0.0039.vnnlib,100
onnx/TinyImageNet_resnet_medium.onnx,vnnlib/TinyImageNet_resnet_medium_prop_idx_6700_sidx_2455_eps_0.0039.vnnlib,100
onnx/TinyImageNet_resnet_medium.onnx,vnnlib/TinyImageNet_resnet_medium_prop_idx_2042_sidx_5377_eps_0.0039.vnnlib,100
onnx/TinyImageNet_resnet_medium.onnx,vnnlib/TinyImageNet_resnet_medium_prop_idx_4407_sidx_4717_eps_0.0039.vnnlib,100
onnx/TinyImageNet_resnet_medium.onnx,vnnlib/TinyImageNet_resnet_medium_prop_idx_6092_sidx_9349_eps_0.0039.vnnlib,100
onnx/TinyImageNet_resnet_medium.onnx,vnnlib/TinyImageNet_resnet_medium_prop_idx_5877_sidx_8528_eps_0.0039.vnnlib,100
onnx/TinyImageNet_resnet_medium.onnx,vnnlib/TinyImageNet_resnet_medium_prop_idx_8170_sidx_3334_eps_0.0039.vnnlib,100
onnx/TinyImageNet_resnet_medium.onnx,vnnlib/TinyImageNet_resnet_medium_prop_idx_9796_sidx_1847_eps_0.0039.vnnlib,100
onnx/TinyImageNet_resnet_medium.onnx,vnnlib/TinyImageNet_resnet_medium_prop_idx_1325_sidx_7586_eps_0.0039.vnnlib,100
onnx/TinyImageNet_resnet_medium.onnx,vnnlib/TinyImageNet_resnet_medium_prop_idx_6906_sidx_5500_eps_0.0039.vnnlib,100
onnx/TinyImageNet_resnet_medium.onnx,vnnlib/TinyImageNet_resnet_medium_prop_idx_140_sidx_7259_eps_0.0039.vnnlib,100
onnx/TinyImageNet_resnet_medium.onnx,vnnlib/TinyImageNet_resnet_medium_prop_idx_6382_sidx_4101_eps_0.0039.vnnlib,100
onnx/TinyImageNet_resnet_medium.onnx,vnnlib/TinyImageNet_resnet_medium_prop_idx_4330_sidx_3504_eps_0.0039.vnnlib,100
onnx/TinyImageNet_resnet_medium.onnx,vnnlib/TinyImageNet_resnet_medium_prop_idx_676_sidx_5148_eps_0.0039.vnnlib,100
onnx/TinyImageNet_resnet_medium.onnx,vnnlib/TinyImageNet_resnet_medium_prop_idx_8232_sidx_7959_eps_0.0039.vnnlib,100
onnx/TinyImageNet_resnet_medium.onnx,vnnlib/TinyImageNet_resnet_medium_prop_idx_520_sidx_3516_eps_0.0039.vnnlib,100
onnx/TinyImageNet_resnet_medium.onnx,vnnlib/TinyImageNet_resnet_medium_prop_idx_2537_sidx_988_eps_0.0039.vnnlib,100
onnx/TinyImageNet_resnet_medium.onnx,vnnlib/TinyImageNet_resnet_medium_prop_idx_2346_sidx_7694_eps_0.0039.vnnlib,100
