onnx/sat_v35_c169.onnx,vnnlib/sat_v35_c169.vnnlib,100
onnx/unsat_v35_c169.onnx,vnnlib/unsat_v35_c169.vnnlib,100
onnx/sat_v78_c267.onnx,vnnlib/sat_v78_c267.vnnlib,100
onnx/unsat_v78_c267.onnx,vnnlib/unsat_v78_c267.vnnlib,100
onnx/sat_v61_c116.onnx,vnnlib/sat_v61_c116.vnnlib,100
onnx/unsat_v61_c116.onnx,vnnlib/unsat_v61_c116.vnnlib,100
onnx/sat_v75_c179.onnx,vnnlib/sat_v75_c179.vnnlib,100
onnx/unsat_v75_c179.onnx,vnnlib/unsat_v75_c179.vnnlib,100
onnx/sat_v96_c370.onnx,vnnlib/sat_v96_c370.vnnlib,100
onnx/unsat_v96_c370.onnx,vnnlib/unsat_v96_c370.vnnlib,100
onnx/sat_v42_c57.onnx,vnnlib/sat_v42_c57.vnnlib,100
onnx/unsat_v42_c57.onnx,vnnlib/unsat_v42_c57.vnnlib,100
onnx/sat_v62_c178.onnx,vnnlib/sat_v62_c178.vnnlib,100
onnx/unsat_v62_c178.onnx,vnnlib/unsat_v62_c178.vnnlib,100
onnx/sat_v97_c272.onnx,vnnlib/sat_v97_c272.vnnlib,100
onnx/unsat_v97_c272.onnx,vnnlib/unsat_v97_c272.vnnlib,100
onnx/sat_v15_c56.onnx,vnnlib/sat_v15_c56.vnnlib,100
onnx/unsat_v15_c56.onnx,vnnlib/unsat_v15_c56.vnnlib,100
onnx/sat_v69_c274.onnx,vnnlib/sat_v69_c274.vnnlib,100
onnx/unsat_v69_c274.onnx,vnnlib/unsat_v69_c274.vnnlib,100
onnx/sat_v67_c249.onnx,vnnlib/sat_v67_c249.vnnlib,100
onnx/unsat_v67_c249.onnx,vnnlib/unsat_v67_c249.vnnlib,100
onnx/sat_v89_c298.onnx,vnnlib/sat_v89_c298.vnnlib,100
onnx/unsat_v89_c298.onnx,vnnlib/unsat_v89_c298.vnnlib,100
onnx/sat_v54_c237.onnx,vnnlib/sat_v54_c237.vnnlib,100
onnx/unsat_v54_c238.onnx,vnnlib/unsat_v54_c238.vnnlib,100
onnx/sat_v14_c65.onnx,vnnlib/sat_v14_c65.vnnlib,100
onnx/unsat_v14_c65.onnx,vnnlib/unsat_v14_c65.vnnlib,100
onnx/sat_v51_c105.onnx,vnnlib/sat_v51_c105.vnnlib,100
onnx/unsat_v51_c105.onnx,vnnlib/unsat_v51_c105.vnnlib,100
onnx/sat_v69_c304.onnx,vnnlib/sat_v69_c304.vnnlib,100
onnx/unsat_v69_c304.onnx,vnnlib/unsat_v69_c304.vnnlib,100
onnx/sat_v80_c223.onnx,vnnlib/sat_v80_c223.vnnlib,100
onnx/unsat_v80_c223.onnx,vnnlib/unsat_v80_c223.vnnlib,100
onnx/sat_v25_c92.onnx,vnnlib/sat_v25_c92.vnnlib,100
onnx/unsat_v25_c92.onnx,vnnlib/unsat_v25_c92.vnnlib,100
onnx/sat_v50_c138.onnx,vnnlib/sat_v50_c138.vnnlib,100
onnx/unsat_v50_c138.onnx,vnnlib/unsat_v50_c138.vnnlib,100
onnx/sat_v43_c151.onnx,vnnlib/sat_v43_c151.vnnlib,100
onnx/unsat_v43_c151.onnx,vnnlib/unsat_v43_c151.vnnlib,100
onnx/sat_v77_c190.onnx,vnnlib/sat_v77_c190.vnnlib,100
onnx/unsat_v77_c190.onnx,vnnlib/unsat_v77_c190.vnnlib,100
onnx/sat_v75_c249.onnx,vnnlib/sat_v75_c249.vnnlib,100
onnx/unsat_v75_c249.onnx,vnnlib/unsat_v75_c249.vnnlib,100
onnx/sat_v86_c128.onnx,vnnlib/sat_v86_c128.vnnlib,100
onnx/unsat_v86_c128.onnx,vnnlib/unsat_v86_c128.vnnlib,100
onnx/sat_v34_c129.onnx,vnnlib/sat_v34_c129.vnnlib,100
onnx/unsat_v34_c129.onnx,vnnlib/unsat_v34_c129.vnnlib,100
onnx/sat_v2_c2.onnx,vnnlib/sat_v2_c2.vnnlib,100
onnx/unsat_v2_c4.onnx,vnnlib/unsat_v2_c4.vnnlib,100
onnx/sat_v76_c122.onnx,vnnlib/sat_v76_c122.vnnlib,100
onnx/unsat_v76_c122.onnx,vnnlib/unsat_v76_c122.vnnlib,100
onnx/sat_v92_c201.onnx,vnnlib/sat_v92_c201.vnnlib,100
onnx/unsat_v92_c201.onnx,vnnlib/unsat_v92_c201.vnnlib,100
onnx/sat_v7_c20.onnx,vnnlib/sat_v7_c20.vnnlib,100
onnx/unsat_v7_c20.onnx,vnnlib/unsat_v7_c20.vnnlib,100
onnx/sat_v33_c33.onnx,vnnlib/sat_v33_c33.vnnlib,100
onnx/unsat_v33_c33.onnx,vnnlib/unsat_v33_c33.vnnlib,100
onnx/sat_v52_c176.onnx,vnnlib/sat_v52_c176.vnnlib,100
onnx/unsat_v52_c176.onnx,vnnlib/unsat_v52_c176.vnnlib,100
onnx/sat_v29_c128.onnx,vnnlib/sat_v29_c128.vnnlib,100
onnx/unsat_v29_c130.onnx,vnnlib/unsat_v29_c130.vnnlib,100
onnx/sat_v9_c37.onnx,vnnlib/sat_v9_c37.vnnlib,100
onnx/unsat_v9_c37.onnx,vnnlib/unsat_v9_c37.vnnlib,100
onnx/sat_v6_c21.onnx,vnnlib/sat_v6_c21.vnnlib,100
onnx/unsat_v6_c22.onnx,vnnlib/unsat_v6_c22.vnnlib,100
onnx/sat_v51_c188.onnx,vnnlib/sat_v51_c188.vnnlib,100
onnx/unsat_v51_c188.onnx,vnnlib/unsat_v51_c188.vnnlib,100
onnx/sat_v88_c300.onnx,vnnlib/sat_v88_c300.vnnlib,100
onnx/unsat_v88_c300.onnx,vnnlib/unsat_v88_c300.vnnlib,100
onnx/sat_v46_c221.onnx,vnnlib/sat_v46_c221.vnnlib,100
onnx/unsat_v46_c221.onnx,vnnlib/unsat_v46_c221.vnnlib,100
onnx/sat_v85_c321.onnx,vnnlib/sat_v85_c321.vnnlib,100
onnx/unsat_v85_c321.onnx,vnnlib/unsat_v85_c321.vnnlib,100
onnx/sat_v70_c290.onnx,vnnlib/sat_v70_c290.vnnlib,100
onnx/unsat_v70_c290.onnx,vnnlib/unsat_v70_c290.vnnlib,100
onnx/sat_v52_c185.onnx,vnnlib/sat_v52_c185.vnnlib,100
onnx/unsat_v52_c185.onnx,vnnlib/unsat_v52_c185.vnnlib,100
onnx/sat_v71_c238.onnx,vnnlib/sat_v71_c238.vnnlib,100
onnx/unsat_v71_c238.onnx,vnnlib/unsat_v71_c238.vnnlib,100
onnx/sat_v55_c220.onnx,vnnlib/sat_v55_c220.vnnlib,100
onnx/unsat_v55_c220.onnx,vnnlib/unsat_v55_c220.vnnlib,100
onnx/sat_v10_c43.onnx,vnnlib/sat_v10_c43.vnnlib,100
onnx/unsat_v10_c44.onnx,vnnlib/unsat_v10_c44.vnnlib,100
onnx/sat_v64_c144.onnx,vnnlib/sat_v64_c144.vnnlib,100
onnx/unsat_v64_c144.onnx,vnnlib/unsat_v64_c144.vnnlib,100
onnx/sat_v37_c75.onnx,vnnlib/sat_v37_c75.vnnlib,100
onnx/unsat_v37_c75.onnx,vnnlib/unsat_v37_c75.vnnlib,100
onnx/sat_v39_c44.onnx,vnnlib/sat_v39_c44.vnnlib,100
onnx/unsat_v39_c44.onnx,vnnlib/unsat_v39_c44.vnnlib,100
onnx/sat_v15_c46.onnx,vnnlib/sat_v15_c46.vnnlib,100
onnx/unsat_v15_c46.onnx,vnnlib/unsat_v15_c46.vnnlib,100
onnx/sat_v76_c191.onnx,vnnlib/sat_v76_c191.vnnlib,100
onnx/unsat_v76_c191.onnx,vnnlib/unsat_v76_c191.vnnlib,100
onnx/sat_v17_c57.onnx,vnnlib/sat_v17_c57.vnnlib,100
onnx/unsat_v17_c59.onnx,vnnlib/unsat_v17_c59.vnnlib,100
onnx/sat_v69_c138.onnx,vnnlib/sat_v69_c138.vnnlib,100
onnx/unsat_v69_c138.onnx,vnnlib/unsat_v69_c138.vnnlib,100
onnx/sat_v73_c271.onnx,vnnlib/sat_v73_c271.vnnlib,100
onnx/unsat_v73_c271.onnx,vnnlib/unsat_v73_c271.vnnlib,100
