onnx/CIFAR100_resnet_medium.onnx,vnnlib/CIFAR100_resnet_medium_prop_idx_9697_sidx_8423_eps_0.0039.vnnlib,100
onnx/CIFAR100_resnet_medium.onnx,vnnlib/CIFAR100_resnet_medium_prop_idx_3673_sidx_32_eps_0.0039.vnnlib,100
onnx/CIFAR100_resnet_medium.onnx,vnnlib/CIFAR100_resnet_medium_prop_idx_8994_sidx_3173_eps_0.0039.vnnlib,100
onnx/CIFAR100_resnet_medium.onnx,vnnlib/CIFAR100_resnet_medium_prop_idx_8013_sidx_2238_eps_0.0039.vnnlib,100
onnx/CIFAR100_resnet_medium.onnx,vnnlib/CIFAR100_resnet_medium_prop_idx_7603_sidx_5242_eps_0.0039.vnnlib,100
onnx/CIFAR100_resnet_medium.onnx,vnnlib/CIFAR100_resnet_medium_prop_idx_2341_sidx_4149_eps_0.0039.vnnlib,100
onnx/CIFAR100_resnet_medium.onnx,vnnlib/CIFAR100_resnet_medium_prop_idx_966_sidx_2330_eps_0.0039.vnnlib,100
onnx/CIFAR100_resnet_medium.onnx,vnnlib/CIFAR100_resnet_medium_prop_idx_3898_sidx_9109_eps_0.0039.vnnlib,100
onnx/CIFAR100_resnet_medium.onnx,vnnlib/CIFAR100_resnet_medium_prop_idx_5926_sidx_5411_eps_0.0039.vnnlib,100
onnx/CIFAR100_resnet_medium.onnx,vnnlib/CIFAR100_resnet_medium_prop_idx_1839_sidx_7451_eps_0.0039.vnnlib,100
onnx/CIFAR100_resnet_medium.onnx,vnnlib/CIFAR100_resnet_medium_prop_idx_3891_sidx_62_eps_0.0039.vnnlib,100
onnx/CIFAR100_resnet_medium.onnx,vnnlib/CIFAR100_resnet_medium_prop_idx_2840_sidx_8999_eps_0.0039.vnnlib,100
onnx/CIFAR100_resnet_medium.onnx,vnnlib/CIFAR100_resnet_medium_prop_idx_7926_sidx_589_eps_0.0039.vnnlib,100
onnx/CIFAR100_resnet_medium.onnx,vnnlib/CIFAR100_resnet_medium_prop_idx_7700_sidx_109_eps_0.0039.vnnlib,100
onnx/CIFAR100_resnet_medium.onnx,vnnlib/CIFAR100_resnet_medium_prop_idx_5812_sidx_2277_eps_0.0039.vnnlib,100
onnx/CIFAR100_resnet_medium.onnx,vnnlib/CIFAR100_resnet_medium_prop_idx_4076_sidx_8505_eps_0.0039.vnnlib,100
onnx/CIFAR100_resnet_medium.onnx,vnnlib/CIFAR100_resnet_medium_prop_idx_8482_sidx_8035_eps_0.0039.vnnlib,100
onnx/CIFAR100_resnet_medium.onnx,vnnlib/CIFAR100_resnet_medium_prop_idx_4760_sidx_4651_eps_0.0039.vnnlib,100
onnx/CIFAR100_resnet_medium.onnx,vnnlib/CIFAR100_resnet_medium_prop_idx_191_sidx_5326_eps_0.0039.vnnlib,100
onnx/CIFAR100_resnet_medium.onnx,vnnlib/CIFAR100_resnet_medium_prop_idx_2536_sidx_4691_eps_0.0039.vnnlib,100
onnx/CIFAR100_resnet_medium.onnx,vnnlib/CIFAR100_resnet_medium_prop_idx_8757_sidx_781_eps_0.0039.vnnlib,100
onnx/CIFAR100_resnet_medium.onnx,vnnlib/CIFAR100_resnet_medium_prop_idx_3959_sidx_2315_eps_0.0039.vnnlib,100
onnx/CIFAR100_resnet_medium.onnx,vnnlib/CIFAR100_resnet_medium_prop_idx_788_sidx_9144_eps_0.0039.vnnlib,100
onnx/CIFAR100_resnet_medium.onnx,vnnlib/CIFAR100_resnet_medium_prop_idx_5452_sidx_5182_eps_0.0039.vnnlib,100
onnx/CIFAR100_resnet_medium.onnx,vnnlib/CIFAR100_resnet_medium_prop_idx_7487_sidx_465_eps_0.0039.vnnlib,100
onnx/CIFAR100_resnet_medium.onnx,vnnlib/CIFAR100_resnet_medium_prop_idx_2961_sidx_1186_eps_0.0039.vnnlib,100
onnx/CIFAR100_resnet_medium.onnx,vnnlib/CIFAR100_resnet_medium_prop_idx_5390_sidx_546_eps_0.0039.vnnlib,100
onnx/CIFAR100_resnet_medium.onnx,vnnlib/CIFAR100_resnet_medium_prop_idx_166_sidx_931_eps_0.0039.vnnlib,100
onnx/CIFAR100_resnet_medium.onnx,vnnlib/CIFAR100_resnet_medium_prop_idx_2037_sidx_8492_eps_0.0039.vnnlib,100
onnx/CIFAR100_resnet_medium.onnx,vnnlib/CIFAR100_resnet_medium_prop_idx_6462_sidx_8774_eps_0.0039.vnnlib,100
onnx/CIFAR100_resnet_medium.onnx,vnnlib/CIFAR100_resnet_medium_prop_idx_3240_sidx_8854_eps_0.0039.vnnlib,100
onnx/CIFAR100_resnet_medium.onnx,vnnlib/CIFAR100_resnet_medium_prop_idx_292_sidx_4730_eps_0.0039.vnnlib,100
onnx/CIFAR100_resnet_medium.onnx,vnnlib/CIFAR100_resnet_medium_prop_idx_988_sidx_1384_eps_0.0039.vnnlib,100
onnx/CIFAR100_resnet_medium.onnx,vnnlib/CIFAR100_resnet_medium_prop_idx_9928_sidx_428_eps_0.0039.vnnlib,100
onnx/CIFAR100_resnet_medium.onnx,vnnlib/CIFAR100_resnet_medium_prop_idx_8829_sidx_8520_eps_0.0039.vnnlib,100
onnx/CIFAR100_resnet_medium.onnx,vnnlib/CIFAR100_resnet_medium_prop_idx_3375_sidx_5824_eps_0.0039.vnnlib,100
onnx/CIFAR100_resnet_medium.onnx,vnnlib/CIFAR100_resnet_medium_prop_idx_5657_sidx_262_eps_0.0039.vnnlib,100
onnx/CIFAR100_resnet_medium.onnx,vnnlib/CIFAR100_resnet_medium_prop_idx_9982_sidx_2760_eps_0.0039.vnnlib,100
onnx/CIFAR100_resnet_medium.onnx,vnnlib/CIFAR100_resnet_medium_prop_idx_4041_sidx_4838_eps_0.0039.vnnlib,100
onnx/CIFAR100_resnet_medium.onnx,vnnlib/CIFAR100_resnet_medium_prop_idx_6199_sidx_7904_eps_0.0039.vnnlib,100
onnx/CIFAR100_resnet_medium.onnx,vnnlib/CIFAR100_resnet_medium_prop_idx_7332_sidx_5954_eps_0.0039.vnnlib,100
onnx/CIFAR100_resnet_medium.onnx,vnnlib/CIFAR100_resnet_medium_prop_idx_2318_sidx_2999_eps_0.0039.vnnlib,100
onnx/CIFAR100_resnet_medium.onnx,vnnlib/CIFAR100_resnet_medium_prop_idx_3984_sidx_5407_eps_0.0039.vnnlib,100
onnx/CIFAR100_resnet_medium.onnx,vnnlib/CIFAR100_resnet_medium_prop_idx_5834_sidx_9224_eps_0.0039.vnnlib,100
onnx/CIFAR100_resnet_medium.onnx,vnnlib/CIFAR100_resnet_medium_prop_idx_6989_sidx_6176_eps_0.0039.vnnlib,100
onnx/CIFAR100_resnet_medium.onnx,vnnlib/CIFAR100_resnet_medium_prop_idx_7328_sidx_1431_eps_0.0039.vnnlib,100
onnx/CIFAR100_resnet_medium.onnx,vnnlib/CIFAR100_resnet_medium_prop_idx_1759_sidx_3135_eps_0.0039.vnnlib,100
onnx/CIFAR100_resnet_medium.onnx,vnnlib/CIFAR100_resnet_medium_prop_idx_4605_sidx_6225_eps_0.0039.vnnlib,100
onnx/CIFAR100_resnet_medium.onnx,vnnlib/CIFAR100_resnet_medium_prop_idx_5423_sidx_1408_eps_0.0039.vnnlib,100
onnx/CIFAR100_resnet_medium.onnx,vnnlib/CIFAR100_resnet_medium_prop_idx_328_sidx_759_eps_0.0039.vnnlib,100
onnx/CIFAR100_resnet_medium.onnx,vnnlib/CIFAR100_resnet_medium_prop_idx_7278_sidx_9946_eps_0.0039.vnnlib,100
onnx/CIFAR100_resnet_medium.onnx,vnnlib/CIFAR100_resnet_medium_prop_idx_6108_sidx_3179_eps_0.0039.vnnlib,100
onnx/CIFAR100_resnet_medium.onnx,vnnlib/CIFAR100_resnet_medium_prop_idx_8063_sidx_4619_eps_0.0039.vnnlib,100
onnx/CIFAR100_resnet_medium.onnx,vnnlib/CIFAR100_resnet_medium_prop_idx_7972_sidx_6638_eps_0.0039.vnnlib,100
onnx/CIFAR100_resnet_medium.onnx,vnnlib/CIFAR100_resnet_medium_prop_idx_9017_sidx_7697_eps_0.0039.vnnlib,100
onnx/CIFAR100_resnet_medium.onnx,vnnlib/CIFAR100_resnet_medium_prop_idx_4964_sidx_5266_eps_0.0039.vnnlib,100
onnx/CIFAR100_resnet_medium.onnx,vnnlib/CIFAR100_resnet_medium_prop_idx_8392_sidx_3097_eps_0.0039.vnnlib,100
onnx/CIFAR100_resnet_medium.onnx,vnnlib/CIFAR100_resnet_medium_prop_idx_2636_sidx_1992_eps_0.0039.vnnlib,100
onnx/CIFAR100_resnet_medium.onnx,vnnlib/CIFAR100_resnet_medium_prop_idx_1561_sidx_3423_eps_0.0039.vnnlib,100
onnx/CIFAR100_resnet_medium.onnx,vnnlib/CIFAR100_resnet_medium_prop_idx_3150_sidx_4654_eps_0.0039.vnnlib,100
onnx/CIFAR100_resnet_medium.onnx,vnnlib/CIFAR100_resnet_medium_prop_idx_7334_sidx_1424_eps_0.0039.vnnlib,100
onnx/CIFAR100_resnet_medium.onnx,vnnlib/CIFAR100_resnet_medium_prop_idx_9722_sidx_6895_eps_0.0039.vnnlib,100
onnx/CIFAR100_resnet_medium.onnx,vnnlib/CIFAR100_resnet_medium_prop_idx_2968_sidx_8210_eps_0.0039.vnnlib,100
onnx/CIFAR100_resnet_medium.onnx,vnnlib/CIFAR100_resnet_medium_prop_idx_5188_sidx_7893_eps_0.0039.vnnlib,100
onnx/CIFAR100_resnet_medium.onnx,vnnlib/CIFAR100_resnet_medium_prop_idx_9335_sidx_5792_eps_0.0039.vnnlib,100
onnx/CIFAR100_resnet_medium.onnx,vnnlib/CIFAR100_resnet_medium_prop_idx_6802_sidx_7000_eps_0.0039.vnnlib,100
onnx/CIFAR100_resnet_medium.onnx,vnnlib/CIFAR100_resnet_medium_prop_idx_1492_sidx_8343_eps_0.0039.vnnlib,100
onnx/CIFAR100_resnet_medium.onnx,vnnlib/CIFAR100_resnet_medium_prop_idx_7730_sidx_3500_eps_0.0039.vnnlib,100
onnx/CIFAR100_resnet_medium.onnx,vnnlib/CIFAR100_resnet_medium_prop_idx_5914_sidx_6134_eps_0.0039.vnnlib,100
onnx/CIFAR100_resnet_medium.onnx,vnnlib/CIFAR100_resnet_medium_prop_idx_521_sidx_1587_eps_0.0039.vnnlib,100
onnx/CIFAR100_resnet_medium.onnx,vnnlib/CIFAR100_resnet_medium_prop_idx_2584_sidx_8197_eps_0.0039.vnnlib,100
onnx/CIFAR100_resnet_medium.onnx,vnnlib/CIFAR100_resnet_medium_prop_idx_3006_sidx_928_eps_0.0039.vnnlib,100
onnx/CIFAR100_resnet_medium.onnx,vnnlib/CIFAR100_resnet_medium_prop_idx_9313_sidx_6462_eps_0.0039.vnnlib,100
onnx/CIFAR100_resnet_medium.onnx,vnnlib/CIFAR100_resnet_medium_prop_idx_4390_sidx_111_eps_0.0039.vnnlib,100
onnx/CIFAR100_resnet_medium.onnx,vnnlib/CIFAR100_resnet_medium_prop_idx_1588_sidx_6654_eps_0.0039.vnnlib,100
onnx/CIFAR100_resnet_medium.onnx,vnnlib/CIFAR100_resnet_medium_prop_idx_3440_sidx_4755_eps_0.0039.vnnlib,100
onnx/CIFAR100_resnet_medium.onnx,vnnlib/CIFAR100_resnet_medium_prop_idx_6350_sidx_9687_eps_0.0039.vnnlib,100
onnx/CIFAR100_resnet_medium.onnx,vnnlib/CIFAR100_resnet_medium_prop_idx_6053_sidx_3757_eps_0.0039.vnnlib,100
onnx/CIFAR100_resnet_medium.onnx,vnnlib/CIFAR100_resnet_medium_prop_idx_1682_sidx_7308_eps_0.0039.vnnlib,100
onnx/CIFAR100_resnet_medium.onnx,vnnlib/CIFAR100_resnet_medium_prop_idx_8892_sidx_601_eps_0.0039.vnnlib,100
onnx/CIFAR100_resnet_medium.onnx,vnnlib/CIFAR100_resnet_medium_prop_idx_3247_sidx_1605_eps_0.0039.vnnlib,100
onnx/CIFAR100_resnet_medium.onnx,vnnlib/CIFAR100_resnet_medium_prop_idx_1979_sidx_1996_eps_0.0039.vnnlib,100
onnx/CIFAR100_resnet_medium.onnx,vnnlib/CIFAR100_resnet_medium_prop_idx_1314_sidx_7912_eps_0.0039.vnnlib,100
onnx/CIFAR100_resnet_medium.onnx,vnnlib/CIFAR100_resnet_medium_prop_idx_1772_sidx_3476_eps_0.0039.vnnlib,100
onnx/CIFAR100_resnet_medium.onnx,vnnlib/CIFAR100_resnet_medium_prop_idx_9030_sidx_9653_eps_0.0039.vnnlib,100
onnx/CIFAR100_resnet_medium.onnx,vnnlib/CIFAR100_resnet_medium_prop_idx_6077_sidx_9485_eps_0.0039.vnnlib,100
onnx/CIFAR100_resnet_medium.onnx,vnnlib/CIFAR100_resnet_medium_prop_idx_5877_sidx_8528_eps_0.0039.vnnlib,100
onnx/CIFAR100_resnet_medium.onnx,vnnlib/CIFAR100_resnet_medium_prop_idx_7632_sidx_2106_eps_0.0039.vnnlib,100
onnx/CIFAR100_resnet_medium.onnx,vnnlib/CIFAR100_resnet_medium_prop_idx_3801_sidx_8096_eps_0.0039.vnnlib,100
onnx/CIFAR100_resnet_medium.onnx,vnnlib/CIFAR100_resnet_medium_prop_idx_58_sidx_16_eps_0.0039.vnnlib,100
onnx/CIFAR100_resnet_medium.onnx,vnnlib/CIFAR100_resnet_medium_prop_idx_6875_sidx_8177_eps_0.0039.vnnlib,100
onnx/CIFAR100_resnet_medium.onnx,vnnlib/CIFAR100_resnet_medium_prop_idx_2666_sidx_9600_eps_0.0039.vnnlib,100
onnx/CIFAR100_resnet_medium.onnx,vnnlib/CIFAR100_resnet_medium_prop_idx_1438_sidx_7250_eps_0.0039.vnnlib,100
onnx/CIFAR100_resnet_medium.onnx,vnnlib/CIFAR100_resnet_medium_prop_idx_5059_sidx_1676_eps_0.0039.vnnlib,100
onnx/CIFAR100_resnet_medium.onnx,vnnlib/CIFAR100_resnet_medium_prop_idx_2449_sidx_1979_eps_0.0039.vnnlib,100
onnx/CIFAR100_resnet_medium.onnx,vnnlib/CIFAR100_resnet_medium_prop_idx_7710_sidx_7815_eps_0.0039.vnnlib,100
onnx/CIFAR100_resnet_medium.onnx,vnnlib/CIFAR100_resnet_medium_prop_idx_8737_sidx_3984_eps_0.0039.vnnlib,100
onnx/CIFAR100_resnet_medium.onnx,vnnlib/CIFAR100_resnet_medium_prop_idx_4152_sidx_6475_eps_0.0039.vnnlib,100
onnx/CIFAR100_resnet_medium.onnx,vnnlib/CIFAR100_resnet_medium_prop_idx_8330_sidx_7593_eps_0.0039.vnnlib,100
onnx/CIFAR100_resnet_medium.onnx,vnnlib/CIFAR100_resnet_medium_prop_idx_5183_sidx_321_eps_0.0039.vnnlib,100
onnx/CIFAR100_resnet_large.onnx,vnnlib/CIFAR100_resnet_large_prop_idx_1632_sidx_5115_eps_0.0039.vnnlib,100
onnx/CIFAR100_resnet_large.onnx,vnnlib/CIFAR100_resnet_large_prop_idx_2247_sidx_8763_eps_0.0039.vnnlib,100
onnx/CIFAR100_resnet_large.onnx,vnnlib/CIFAR100_resnet_large_prop_idx_5229_sidx_6265_eps_0.0039.vnnlib,100
onnx/CIFAR100_resnet_large.onnx,vnnlib/CIFAR100_resnet_large_prop_idx_6420_sidx_2815_eps_0.0039.vnnlib,100
onnx/CIFAR100_resnet_large.onnx,vnnlib/CIFAR100_resnet_large_prop_idx_9460_sidx_4347_eps_0.0039.vnnlib,100
onnx/CIFAR100_resnet_large.onnx,vnnlib/CIFAR100_resnet_large_prop_idx_6696_sidx_311_eps_0.0039.vnnlib,100
onnx/CIFAR100_resnet_large.onnx,vnnlib/CIFAR100_resnet_large_prop_idx_3729_sidx_6706_eps_0.0039.vnnlib,100
onnx/CIFAR100_resnet_large.onnx,vnnlib/CIFAR100_resnet_large_prop_idx_8391_sidx_4670_eps_0.0039.vnnlib,100
onnx/CIFAR100_resnet_large.onnx,vnnlib/CIFAR100_resnet_large_prop_idx_6337_sidx_2381_eps_0.0039.vnnlib,100
onnx/CIFAR100_resnet_large.onnx,vnnlib/CIFAR100_resnet_large_prop_idx_5821_sidx_3711_eps_0.0039.vnnlib,100
onnx/CIFAR100_resnet_large.onnx,vnnlib/CIFAR100_resnet_large_prop_idx_3010_sidx_2258_eps_0.0039.vnnlib,100
onnx/CIFAR100_resnet_large.onnx,vnnlib/CIFAR100_resnet_large_prop_idx_6730_sidx_7777_eps_0.0039.vnnlib,100
onnx/CIFAR100_resnet_large.onnx,vnnlib/CIFAR100_resnet_large_prop_idx_3858_sidx_134_eps_0.0039.vnnlib,100
onnx/CIFAR100_resnet_large.onnx,vnnlib/CIFAR100_resnet_large_prop_idx_2518_sidx_7304_eps_0.0039.vnnlib,100
onnx/CIFAR100_resnet_large.onnx,vnnlib/CIFAR100_resnet_large_prop_idx_4383_sidx_763_eps_0.0039.vnnlib,100
onnx/CIFAR100_resnet_large.onnx,vnnlib/CIFAR100_resnet_large_prop_idx_5961_sidx_9165_eps_0.0039.vnnlib,100
onnx/CIFAR100_resnet_large.onnx,vnnlib/CIFAR100_resnet_large_prop_idx_4241_sidx_2040_eps_0.0039.vnnlib,100
onnx/CIFAR100_resnet_large.onnx,vnnlib/CIFAR100_resnet_large_prop_idx_1532_sidx_277_eps_0.0039.vnnlib,100
onnx/CIFAR100_resnet_large.onnx,vnnlib/CIFAR100_resnet_large_prop_idx_2694_sidx_3450_eps_0.0039.vnnlib,100
onnx/CIFAR100_resnet_large.onnx,vnnlib/CIFAR100_resnet_large_prop_idx_9864_sidx_5595_eps_0.0039.vnnlib,100
onnx/CIFAR100_resnet_large.onnx,vnnlib/CIFAR100_resnet_large_prop_idx_6096_sidx_4653_eps_0.0039.vnnlib,100
onnx/CIFAR100_resnet_large.onnx,vnnlib/CIFAR100_resnet_large_prop_idx_4641_sidx_1254_eps_0.0039.vnnlib,100
onnx/CIFAR100_resnet_large.onnx,vnnlib/CIFAR100_resnet_large_prop_idx_4498_sidx_4508_eps_0.0039.vnnlib,100
onnx/CIFAR100_resnet_large.onnx,vnnlib/CIFAR100_resnet_large_prop_idx_1722_sidx_1817_eps_0.0039.vnnlib,100
onnx/CIFAR100_resnet_large.onnx,vnnlib/CIFAR100_resnet_large_prop_idx_6482_sidx_2003_eps_0.0039.vnnlib,100
onnx/CIFAR100_resnet_large.onnx,vnnlib/CIFAR100_resnet_large_prop_idx_62_sidx_313_eps_0.0039.vnnlib,100
onnx/CIFAR100_resnet_large.onnx,vnnlib/CIFAR100_resnet_large_prop_idx_9049_sidx_1687_eps_0.0039.vnnlib,100
onnx/CIFAR100_resnet_large.onnx,vnnlib/CIFAR100_resnet_large_prop_idx_1554_sidx_9693_eps_0.0039.vnnlib,100
onnx/CIFAR100_resnet_large.onnx,vnnlib/CIFAR100_resnet_large_prop_idx_2069_sidx_3553_eps_0.0039.vnnlib,100
onnx/CIFAR100_resnet_large.onnx,vnnlib/CIFAR100_resnet_large_prop_idx_8679_sidx_3968_eps_0.0039.vnnlib,100
onnx/CIFAR100_resnet_large.onnx,vnnlib/CIFAR100_resnet_large_prop_idx_9976_sidx_6488_eps_0.0039.vnnlib,100
onnx/CIFAR100_resnet_large.onnx,vnnlib/CIFAR100_resnet_large_prop_idx_9152_sidx_153_eps_0.0039.vnnlib,100
onnx/CIFAR100_resnet_large.onnx,vnnlib/CIFAR100_resnet_large_prop_idx_1713_sidx_1025_eps_0.0039.vnnlib,100
onnx/CIFAR100_resnet_large.onnx,vnnlib/CIFAR100_resnet_large_prop_idx_5679_sidx_6584_eps_0.0039.vnnlib,100
onnx/CIFAR100_resnet_large.onnx,vnnlib/CIFAR100_resnet_large_prop_idx_2234_sidx_4120_eps_0.0039.vnnlib,100
onnx/CIFAR100_resnet_large.onnx,vnnlib/CIFAR100_resnet_large_prop_idx_7077_sidx_3514_eps_0.0039.vnnlib,100
onnx/CIFAR100_resnet_large.onnx,vnnlib/CIFAR100_resnet_large_prop_idx_4875_sidx_9881_eps_0.0039.vnnlib,100
onnx/CIFAR100_resnet_large.onnx,vnnlib/CIFAR100_resnet_large_prop_idx_2717_sidx_551_eps_0.0039.vnnlib,100
onnx/CIFAR100_resnet_large.onnx,vnnlib/CIFAR100_resnet_large_prop_idx_2281_sidx_8240_eps_0.0039.vnnlib,100
onnx/CIFAR100_resnet_large.onnx,vnnlib/CIFAR100_resnet_large_prop_idx_5082_sidx_2174_eps_0.0039.vnnlib,100
onnx/CIFAR100_resnet_large.onnx,vnnlib/CIFAR100_resnet_large_prop_idx_8748_sidx_4804_eps_0.0039.vnnlib,100
onnx/CIFAR100_resnet_large.onnx,vnnlib/CIFAR100_resnet_large_prop_idx_7116_sidx_5473_eps_0.0039.vnnlib,100
onnx/CIFAR100_resnet_large.onnx,vnnlib/CIFAR100_resnet_large_prop_idx_235_sidx_2941_eps_0.0039.vnnlib,100
onnx/CIFAR100_resnet_large.onnx,vnnlib/CIFAR100_resnet_large_prop_idx_1751_sidx_4589_eps_0.0039.vnnlib,100
onnx/CIFAR100_resnet_large.onnx,vnnlib/CIFAR100_resnet_large_prop_idx_8476_sidx_3906_eps_0.0039.vnnlib,100
onnx/CIFAR100_resnet_large.onnx,vnnlib/CIFAR100_resnet_large_prop_idx_650_sidx_3034_eps_0.0039.vnnlib,100
onnx/CIFAR100_resnet_large.onnx,vnnlib/CIFAR100_resnet_large_prop_idx_9030_sidx_9653_eps_0.0039.vnnlib,100
onnx/CIFAR100_resnet_large.onnx,vnnlib/CIFAR100_resnet_large_prop_idx_2705_sidx_1778_eps_0.0039.vnnlib,100
onnx/CIFAR100_resnet_large.onnx,vnnlib/CIFAR100_resnet_large_prop_idx_3817_sidx_425_eps_0.0039.vnnlib,100
onnx/CIFAR100_resnet_large.onnx,vnnlib/CIFAR100_resnet_large_prop_idx_6827_sidx_2613_eps_0.0039.vnnlib,100
onnx/CIFAR100_resnet_large.onnx,vnnlib/CIFAR100_resnet_large_prop_idx_7436_sidx_5742_eps_0.0039.vnnlib,100
onnx/CIFAR100_resnet_large.onnx,vnnlib/CIFAR100_resnet_large_prop_idx_5647_sidx_9577_eps_0.0039.vnnlib,100
onnx/CIFAR100_resnet_large.onnx,vnnlib/CIFAR100_resnet_large_prop_idx_700_sidx_5319_eps_0.0039.vnnlib,100
onnx/CIFAR100_resnet_large.onnx,vnnlib/CIFAR100_resnet_large_prop_idx_6422_sidx_4833_eps_0.0039.vnnlib,100
onnx/CIFAR100_resnet_large.onnx,vnnlib/CIFAR100_resnet_large_prop_idx_1459_sidx_443_eps_0.0039.vnnlib,100
onnx/CIFAR100_resnet_large.onnx,vnnlib/CIFAR100_resnet_large_prop_idx_6155_sidx_5782_eps_0.0039.vnnlib,100
onnx/CIFAR100_resnet_large.onnx,vnnlib/CIFAR100_resnet_large_prop_idx_1263_sidx_2984_eps_0.0039.vnnlib,100
onnx/CIFAR100_resnet_large.onnx,vnnlib/CIFAR100_resnet_large_prop_idx_6884_sidx_1250_eps_0.0039.vnnlib,100
onnx/CIFAR100_resnet_large.onnx,vnnlib/CIFAR100_resnet_large_prop_idx_4570_sidx_326_eps_0.0039.vnnlib,100
onnx/CIFAR100_resnet_large.onnx,vnnlib/CIFAR100_resnet_large_prop_idx_2850_sidx_288_eps_0.0039.vnnlib,100
onnx/CIFAR100_resnet_large.onnx,vnnlib/CIFAR100_resnet_large_prop_idx_9297_sidx_4666_eps_0.0039.vnnlib,100
onnx/CIFAR100_resnet_large.onnx,vnnlib/CIFAR100_resnet_large_prop_idx_5230_sidx_242_eps_0.0039.vnnlib,100
onnx/CIFAR100_resnet_large.onnx,vnnlib/CIFAR100_resnet_large_prop_idx_6749_sidx_3595_eps_0.0039.vnnlib,100
onnx/CIFAR100_resnet_large.onnx,vnnlib/CIFAR100_resnet_large_prop_idx_7087_sidx_7086_eps_0.0039.vnnlib,100
onnx/CIFAR100_resnet_large.onnx,vnnlib/CIFAR100_resnet_large_prop_idx_7631_sidx_4119_eps_0.0039.vnnlib,100
onnx/CIFAR100_resnet_large.onnx,vnnlib/CIFAR100_resnet_large_prop_idx_3306_sidx_8440_eps_0.0039.vnnlib,100
onnx/CIFAR100_resnet_large.onnx,vnnlib/CIFAR100_resnet_large_prop_idx_697_sidx_3868_eps_0.0039.vnnlib,100
onnx/CIFAR100_resnet_large.onnx,vnnlib/CIFAR100_resnet_large_prop_idx_9649_sidx_6653_eps_0.0039.vnnlib,100
onnx/CIFAR100_resnet_large.onnx,vnnlib/CIFAR100_resnet_large_prop_idx_1839_sidx_7451_eps_0.0039.vnnlib,100
onnx/CIFAR100_resnet_large.onnx,vnnlib/CIFAR100_resnet_large_prop_idx_1539_sidx_1806_eps_0.0039.vnnlib,100
onnx/CIFAR100_resnet_large.onnx,vnnlib/CIFAR100_resnet_large_prop_idx_3460_sidx_302_eps_0.0039.vnnlib,100
onnx/CIFAR100_resnet_large.onnx,vnnlib/CIFAR100_resnet_large_prop_idx_3426_sidx_2648_eps_0.0039.vnnlib,100
onnx/CIFAR100_resnet_large.onnx,vnnlib/CIFAR100_resnet_large_prop_idx_8257_sidx_5574_eps_0.0039.vnnlib,100
onnx/CIFAR100_resnet_large.onnx,vnnlib/CIFAR100_resnet_large_prop_idx_5661_sidx_8769_eps_0.0039.vnnlib,100
onnx/CIFAR100_resnet_large.onnx,vnnlib/CIFAR100_resnet_large_prop_idx_9928_sidx_428_eps_0.0039.vnnlib,100
onnx/CIFAR100_resnet_large.onnx,vnnlib/CIFAR100_resnet_large_prop_idx_3133_sidx_2042_eps_0.0039.vnnlib,100
onnx/CIFAR100_resnet_large.onnx,vnnlib/CIFAR100_resnet_large_prop_idx_7990_sidx_2550_eps_0.0039.vnnlib,100
onnx/CIFAR100_resnet_large.onnx,vnnlib/CIFAR100_resnet_large_prop_idx_1322_sidx_2034_eps_0.0039.vnnlib,100
onnx/CIFAR100_resnet_large.onnx,vnnlib/CIFAR100_resnet_large_prop_idx_1085_sidx_260_eps_0.0039.vnnlib,100
onnx/CIFAR100_resnet_large.onnx,vnnlib/CIFAR100_resnet_large_prop_idx_8566_sidx_403_eps_0.0039.vnnlib,100
onnx/CIFAR100_resnet_large.onnx,vnnlib/CIFAR100_resnet_large_prop_idx_6341_sidx_3142_eps_0.0039.vnnlib,100
onnx/CIFAR100_resnet_large.onnx,vnnlib/CIFAR100_resnet_large_prop_idx_5410_sidx_2762_eps_0.0039.vnnlib,100
onnx/CIFAR100_resnet_large.onnx,vnnlib/CIFAR100_resnet_large_prop_idx_9470_sidx_701_eps_0.0039.vnnlib,100
onnx/CIFAR100_resnet_large.onnx,vnnlib/CIFAR100_resnet_large_prop_idx_2475_sidx_523_eps_0.0039.vnnlib,100
onnx/CIFAR100_resnet_large.onnx,vnnlib/CIFAR100_resnet_large_prop_idx_961_sidx_4675_eps_0.0039.vnnlib,100
onnx/CIFAR100_resnet_large.onnx,vnnlib/CIFAR100_resnet_large_prop_idx_9424_sidx_7889_eps_0.0039.vnnlib,100
onnx/CIFAR100_resnet_large.onnx,vnnlib/CIFAR100_resnet_large_prop_idx_576_sidx_1748_eps_0.0039.vnnlib,100
onnx/CIFAR100_resnet_large.onnx,vnnlib/CIFAR100_resnet_large_prop_idx_7027_sidx_7720_eps_0.0039.vnnlib,100
onnx/CIFAR100_resnet_large.onnx,vnnlib/CIFAR100_resnet_large_prop_idx_5570_sidx_1899_eps_0.0039.vnnlib,100
onnx/CIFAR100_resnet_large.onnx,vnnlib/CIFAR100_resnet_large_prop_idx_78_sidx_4126_eps_0.0039.vnnlib,100
onnx/CIFAR100_resnet_large.onnx,vnnlib/CIFAR100_resnet_large_prop_idx_6047_sidx_2202_eps_0.0039.vnnlib,100
onnx/CIFAR100_resnet_large.onnx,vnnlib/CIFAR100_resnet_large_prop_idx_4253_sidx_9012_eps_0.0039.vnnlib,100
onnx/CIFAR100_resnet_large.onnx,vnnlib/CIFAR100_resnet_large_prop_idx_6784_sidx_281_eps_0.0039.vnnlib,100
onnx/CIFAR100_resnet_large.onnx,vnnlib/CIFAR100_resnet_large_prop_idx_4885_sidx_8036_eps_0.0039.vnnlib,100
onnx/CIFAR100_resnet_large.onnx,vnnlib/CIFAR100_resnet_large_prop_idx_577_sidx_4817_eps_0.0039.vnnlib,100
onnx/CIFAR100_resnet_large.onnx,vnnlib/CIFAR100_resnet_large_prop_idx_7245_sidx_7377_eps_0.0039.vnnlib,100
onnx/CIFAR100_resnet_large.onnx,vnnlib/CIFAR100_resnet_large_prop_idx_7395_sidx_8952_eps_0.0039.vnnlib,100
onnx/CIFAR100_resnet_large.onnx,vnnlib/CIFAR100_resnet_large_prop_idx_3583_sidx_611_eps_0.0039.vnnlib,100
onnx/CIFAR100_resnet_large.onnx,vnnlib/CIFAR100_resnet_large_prop_idx_4757_sidx_803_eps_0.0039.vnnlib,100
onnx/CIFAR100_resnet_large.onnx,vnnlib/CIFAR100_resnet_large_prop_idx_1578_sidx_7829_eps_0.0039.vnnlib,100
