./onnx/mnist_concat.onnx,./vnnlib/index4276_delta0.13.vnnlib,300
./onnx/mnist_concat.onnx,./vnnlib/index5657_delta0.13.vnnlib,300
./onnx/mnist_concat.onnx,./vnnlib/index8720_delta0.13.vnnlib,300
./onnx/mnist_concat.onnx,./vnnlib/index206_delta0.13.vnnlib,300
./onnx/mnist_concat.onnx,./vnnlib/index5608_delta0.13.vnnlib,300
./onnx/mnist_concat.onnx,./vnnlib/index5671_delta0.13.vnnlib,300
./onnx/mnist_concat.onnx,./vnnlib/index9342_delta0.13.vnnlib,300
./onnx/mnist_concat.onnx,./vnnlib/index1538_delta0.13.vnnlib,300
./onnx/mnist_concat.onnx,./vnnlib/index5134_delta0.13.vnnlib,300
./onnx/mnist_concat.onnx,./vnnlib/index8562_delta0.13.vnnlib,300
./onnx/mnist_concat.onnx,./vnnlib/index2979_delta0.13.vnnlib,300
./onnx/mnist_concat.onnx,./vnnlib/index4500_delta0.13.vnnlib,300
./onnx/mnist_concat.onnx,./vnnlib/index396_delta0.13.vnnlib,300
./onnx/mnist_concat.onnx,./vnnlib/index7715_delta0.13.vnnlib,300
./onnx/mnist_concat.onnx,./vnnlib/index7860_delta0.13.vnnlib,300
./onnx/mnist_concat.onnx,./vnnlib/index3885_delta0.13.vnnlib,300
./onnx/mnist_concat.onnx,./vnnlib/index6631_delta0.13.vnnlib,300
./onnx/mnist_concat.onnx,./vnnlib/index8268_delta0.13.vnnlib,300
./onnx/mnist_concat.onnx,./vnnlib/index3799_delta0.13.vnnlib,300
./onnx/mnist_concat.onnx,./vnnlib/index8014_delta0.13.vnnlib,300
./onnx/mnist_concat.onnx,./vnnlib/index9561_delta0.13.vnnlib,300
./onnx/mnist_concat.onnx,./vnnlib/index2250_delta0.13.vnnlib,300
./onnx/mnist_concat.onnx,./vnnlib/index8027_delta0.13.vnnlib,300
./onnx/mnist_concat.onnx,./vnnlib/index4129_delta0.13.vnnlib,300
./onnx/mnist_concat.onnx,./vnnlib/index78_delta0.13.vnnlib,300
./onnx/mnist_concat.onnx,./vnnlib/index9646_delta0.13.vnnlib,300
./onnx/mnist_concat.onnx,./vnnlib/index4576_delta0.13.vnnlib,300
./onnx/mnist_concat.onnx,./vnnlib/index4403_delta0.13.vnnlib,300
./onnx/mnist_concat.onnx,./vnnlib/index2593_delta0.13.vnnlib,300
./onnx/mnist_concat.onnx,./vnnlib/index7018_delta0.13.vnnlib,300
./onnx/mnist_concat.onnx,./vnnlib/index9825_delta0.13.vnnlib,300
./onnx/mnist_concat.onnx,./vnnlib/index2968_delta0.13.vnnlib,300
./onnx/mnist_concat.onnx,./vnnlib/index6440_delta0.13.vnnlib,300
./onnx/mnist_concat.onnx,./vnnlib/index7710_delta0.13.vnnlib,300
./onnx/mnist_concat.onnx,./vnnlib/index441_delta0.13.vnnlib,300
./onnx/mnist_concat.onnx,./vnnlib/index9690_delta0.13.vnnlib,300
./onnx/mnist_concat.onnx,./vnnlib/index925_delta0.13.vnnlib,300
./onnx/mnist_concat.onnx,./vnnlib/index9551_delta0.13.vnnlib,300
./onnx/mnist_concat.onnx,./vnnlib/index1164_delta0.13.vnnlib,300
./onnx/mnist_concat.onnx,./vnnlib/index598_delta0.13.vnnlib,300
./onnx/mnist_concat.onnx,./vnnlib/index5501_delta0.13.vnnlib,300
./onnx/mnist_concat.onnx,./vnnlib/index4172_delta0.13.vnnlib,300
./onnx/mnist_concat.onnx,./vnnlib/index6525_delta0.13.vnnlib,300
./onnx/mnist_concat.onnx,./vnnlib/index4899_delta0.13.vnnlib,300
./onnx/mnist_concat.onnx,./vnnlib/index4973_delta0.13.vnnlib,300
./onnx/mnist_concat.onnx,./vnnlib/index1501_delta0.13.vnnlib,300
./onnx/mnist_concat.onnx,./vnnlib/index9650_delta0.13.vnnlib,300
./onnx/mnist_concat.onnx,./vnnlib/index1108_delta0.13.vnnlib,300
./onnx/mnist_concat.onnx,./vnnlib/index5907_delta0.13.vnnlib,300
./onnx/mnist_concat.onnx,./vnnlib/index2785_delta0.13.vnnlib,300
./onnx/mnist_concat.onnx,./vnnlib/index3904_delta0.13.vnnlib,300
./onnx/mnist_concat.onnx,./vnnlib/index159_delta0.13.vnnlib,300
./onnx/mnist_concat.onnx,./vnnlib/index1792_delta0.13.vnnlib,300
./onnx/mnist_concat.onnx,./vnnlib/index3556_delta0.13.vnnlib,300
./onnx/mnist_concat.onnx,./vnnlib/index8811_delta0.13.vnnlib,300
./onnx/mnist_concat.onnx,./vnnlib/index9568_delta0.13.vnnlib,300
./onnx/mnist_concat.onnx,./vnnlib/index4325_delta0.13.vnnlib,300
./onnx/mnist_concat.onnx,./vnnlib/index1950_delta0.13.vnnlib,300
./onnx/mnist_concat.onnx,./vnnlib/index3210_delta0.13.vnnlib,300
./onnx/mnist_concat.onnx,./vnnlib/index7452_delta0.13.vnnlib,300
./onnx/mnist_concat.onnx,./vnnlib/index8727_delta0.13.vnnlib,300
./onnx/mnist_concat.onnx,./vnnlib/index4656_delta0.13.vnnlib,300
./onnx/mnist_concat.onnx,./vnnlib/index6752_delta0.13.vnnlib,300
./onnx/mnist_concat.onnx,./vnnlib/index7315_delta0.13.vnnlib,300
./onnx/mnist_concat.onnx,./vnnlib/index3690_delta0.13.vnnlib,300
./onnx/mnist_concat.onnx,./vnnlib/index6017_delta0.13.vnnlib,300
./onnx/mnist_concat.onnx,./vnnlib/index8133_delta0.13.vnnlib,300
./onnx/mnist_concat.onnx,./vnnlib/index2002_delta0.13.vnnlib,300
./onnx/mnist_concat.onnx,./vnnlib/index6661_delta0.13.vnnlib,300
./onnx/mnist_concat.onnx,./vnnlib/index7914_delta0.13.vnnlib,300
./onnx/mnist_concat.onnx,./vnnlib/index4772_delta0.13.vnnlib,300
./onnx/mnist_concat.onnx,./vnnlib/index2076_delta0.13.vnnlib,300
